name,lat,lon,px,py
1: 38.736741°N 9.141845°W,38.736741,-9.141845,1478.4,1262.4
2: 38.736654°N 9.141690°W,38.736654,-9.14169,2104.8,1248.0
3: 38.736401°N 9.141675°W,38.736401,-9.141675,3693.6,1341.6
4: 38.736663°N 9.141836°W,38.736663,-9.141836,1586.4,1276.8
5: 38.736632°N 9.141947°W,38.736632,-9.141947,1140.0,1317.6
6: 38.736564°N 9.142016°W,38.736564,-9.142016,705.6,1377.6
7: 38.736437°N 9.141992°W,38.736437,-9.141992,1216.8,1646.4
8: 38.736471°N 9.142024°W,38.736471,-9.142024,609.6,1550.4
9: 38.736422°N 9.141906°W,38.736422,-9.141906,2397.6,1514.4
10: 38.736405°N 9.141905°W,38.736405,-9.141905,2668.8,1557.6
11: 38.736409°N 9.141815°W,38.736409,-9.141815,3163.2,1437.6
12: 38.736446°N 9.141810°W,38.736446,-9.14181,2738.4,1382.4
13: 38.736539°N 9.141778°W,38.736539,-9.141778,2301.6,1308.0
